{"_step":43,"_wandb":{"runtime":3390},"loss":0.030900337437648043,"_timestamp":1.731818681617954e+09,"_runtime":3364.682306395}