{"loss":0.9971853494644165,"_timestamp":1.731814465378998e+09,"_runtime":1.708307371,"_step":0,"_wandb":{"runtime":34}}