{"_timestamp":1.7318565180212882e+09,"_runtime":33012.224634645,"_step":222,"gen_images":{"size":29187,"path":"media/images/gen_images_206_ca2455db2666e67073c2.png","format":"png","width":512,"height":128,"_type":"image-file","sha256":"ca2455db2666e67073c2ae416910d5dea56a9656fdb0fd3631846d82a2404e27"},"_wandb":{"runtime":33134},"loss":0.020493772923288467}