{"_timestamp":1.7318152517587597e+09,"_runtime":1.6947683439999999,"_step":0,"loss":0.9971854090690613,"_wandb":{"runtime":37}}