{"_step":1,"_wandb":{"runtime":111},"loss":0.9982748739790208,"_timestamp":1.731814229100298e+09,"_runtime":64.378221248}