{"loss":0.9971854090690613,"_timestamp":1.7318149987276573e+09,"_runtime":1.760585456,"_step":0,"_wandb":{"runtime":23}}