{"_wandb":{"runtime":39},"loss":0.9971854090690613,"_timestamp":1.731814809145245e+09,"_runtime":1.701377549,"_step":0}