{"_runtime":17.79575474,"_step":2,"loss":0.8986745249657404,"_wandb":{"runtime":24},"_timestamp":1.7318234399141886e+09}